id,title,creator,profile,tags,link
in_001,Foam simulations,@kostsov,https://www.instagram.com/kostsov/?g=5,melting; fluids; soft bodies,https://www.instagram.com/p/DCoTrNZJHEW/
in_002,Umbra design,@vincentschwenk,https://www.instagram.com/vincentschwenk/,textile; soft bodies; oscillation,https://www.instagram.com/p/DFvN9PVtpBD/?img_index=1
in_003,Aesthik reel,Anders Christian Skaarup,https://www.behance.net/aesthik,material transformation; soft bodies; textile; infection,https://www.behance.net/gallery/177298885/Aesthik-Reel?tracking_source=project_owner_other_projects#
in_004,Break the glass,Tiago Gomes,https://www.behance.net/gomestiago#,shattering,https://www.behance.net/gallery/5624007/Break-the-glass?tracking_source=search_projects%7Cbreak+3d&l=78#
in_005,Citrus fruit,@m0.studio,https://www.instagram.com/m0.studio/?g=5,inflation; organic materials; soft bodies; taste; biological,https://www.instagram.com/p/C_QBESuMD7g/?img_index=1
in_006,Data Soaps,Clarice Lam,https://www.behance.net/claricelam1843#,materials; patterns,https://www.behance.net/gallery/164796059/Data-Viz-The-Data-Soap?tracking_source=search_projects%7Cdata+visualization&l=16#
in_007,Day / Jour,Red Paper Heart .,https://www.behance.net/redpaperheart#,size; patterns; lighting,https://www.behance.net/gallery/142555525/Day-Jour?tracking_source=search_projects%7C3d+data+art&l=12#
in_008,Desideratum,Joseph Ryba,https://www.instagram.com/joe_ryba/?g=5,surface transformation; oscillation; patterns,https://www.instagram.com/p/DB_kTTNOdQO/?img_index=1
in_009,Drail,Joseph Ryba,https://www.instagram.com/joe_ryba/?g=5,iridescence; deformation; surface transformation; patterns,https://www.instagram.com/p/DB4RVMFPDkD/?img_index=1
in_010,Evanish,Joseph Ryba,https://www.instagram.com/joe_ryba/?g=5,twisting; rotation; lighting; patterns,https://www.instagram.com/p/DCxKoNxSmyf/?img_index=1
in_011,Flower NSA,@plasticbionic,https://www.instagram.com/plasticbionic/,growth; geometry; organic materials; patterns; biological,https://www.instagram.com/p/Cpztt56obgV/
in_012,Glossy Puff,@m0.studio,https://www.instagram.com/m0.studio/?g=5,inflation; soft bodies ,https://www.instagram.com/p/C-QV9lOMq9R/?img_index=1
in_013,Abundance,Joseph Ryba,https://www.instagram.com/joe_ryba/?g=5,organic materials; rotation; biological,https://www.instagram.com/p/DDiHGD7yru8/?img_index=1
in_014,Le RuBacon,@m0.studio,https://www.instagram.com/m0.studio/?g=5,organic materials; taste; biological,https://www.instagram.com/p/CvW8JVJolip/?img_index=1
in_015,Distance pipes & cubes,Lee Griggs,https://leegriggs.com/projects,population; size; fractals; geometry; patterns,https://leegriggs.com/distance-pipes
in_016,Lighters bend,@dvdp,https://www.instagram.com/dvdp/,bending; non-physically based rendering; ,https://www.instagram.com/p/CvfTdmct6JR/?img_index=1
in_017,Body and vertex maps,@vincentschwenk,https://www.instagram.com/vincentschwenk/,infection; biological; growth; material transformation; rotation,https://www.instagram.com/p/C_itk3qN4u8/
in_018,Vase transformations,@m0.studio,https://www.instagram.com/m0.studio/?g=5,surface transformation; shape; material transformation; deformation,https://www.instagram.com/p/C_Lc3fiyC1D/?img_index=1
in_019,Volable,Joseph Ryba,https://www.instagram.com/joe_ryba/?g=5,interactivity; advection; particles; rotation,https://www.instagram.com/p/DA3VPIHuxfP/?img_index=1
in_020,Ugg clips,@vincentschwenk,https://www.instagram.com/vincentschwenk/,material transformation; soft bodies; textile; wind,https://www.instagram.com/p/CtRlCQHg-wr/
in_021,Creature walks down a pipe,@__richlord__,https://www.instagram.com/__richlord__/?hl=fr,organic materials; oscillation; organic; patterns,https://www.instagram.com/p/CovDCBjDfjm/?hl=fr
in_022,Circle creature,@__richlord__,https://www.instagram.com/__richlord__/?hl=fr,living movement; organic; oscillation; environment,https://www.instagram.com/p/Crdt2qrNeDM/?hl=fr
in_023,Space donut,@aken.bak,https://www.instagram.com/aken.bak/?hl=fr,particles; advection; oscillation,https://www.instagram.com/p/DMqUQR4oINf/?hl=fr
in_024,Waves of light,@lachlanturczan,https://www.instagram.com/lachlanturczan/?hl=fr&g=5,visual effects; optics; oscillation; environment,https://www.instagram.com/p/DCzOnfWo05F/?hl=fr
in_025,Parabolic ring,@lachlanturczan,https://www.instagram.com/lachlanturczan/?hl=fr&g=5,visual effects; non-physically based rendering; environment; optics,https://www.instagram.com/p/DFaiq_ZvyKl/?hl=fr
in_026,Fractal research part 5,@guandanarian,https://www.instagram.com/guandanarian/?hl=fr&g=5,non-physically based rendering; rotation; fractals,https://www.instagram.com/p/DLo4YBvMrZs/?hl=fr&img_index=1
in_027,Wavering,@lachlanturczan,https://www.instagram.com/lachlanturczan/?hl=fr&g=5,visual effects; oscillation,https://www.instagram.com/p/C01p3THrFyv/?hl=fr
in_028,Fractal research part 2,@guandanarian,https://www.instagram.com/guandanarian/?hl=fr&g=5,non-physically based rendering; oscillation; burning; fractals,https://www.instagram.com/p/DHvKcixMbcx/?hl=fr&img_index=1
in_029,Coral swoosh,Finn Berenbroek,https://www.instagram.com/finnberenbroek/?hl=fr,soft bodies; organic; organic materials; deformation; wind,https://www.instagram.com/p/C3-sH0Gt1pp/?hl=fr&img_index=1
in_030,Flipside,Finn Berenbroek,https://www.instagram.com/finnberenbroek/?hl=fr,soft bodies; organic; organic materials; materials; deformation; wind,https://www.instagram.com/p/DDcSLQuNxHb/?hl=fr
in_031,Twist,Finn Berenbroek,https://www.instagram.com/finnberenbroek/?hl=fr,twisting; folding; textile; soft bodies,https://www.instagram.com/p/Cqcmf_ev195/?hl=fr
in_032,Coral growth,Alexander Zakharov,https://www.instagram.com/delalsasha/?hl=fr&g=5,growth; organic; organic materials,https://www.instagram.com/p/C7HjhmEt-qN/?hl=fr
in_033,Flow exploration,Alexander Zakharov,https://www.instagram.com/delalsasha/?hl=fr&g=5,fluids; organic materials; soft bodies; melting,https://www.instagram.com/p/CRbuMJ0Ii5m/?hl=fr
in_034,Nature's air condition,Aias Kokkalis,https://www.instagram.com/aiaskokkalis/?hl=fr,living movement; organic; organic materials; visual effects,https://www.instagram.com/p/C9sakzROS7w/?hl=fr
